{"cameraMode":{"drawMode":0,"name":"Shaded","section":"Shading Mode"},"sceneLighting":true,"audioPlay":false,"sceneViewState":{"m_AlwaysRefresh":false,"showFog":true,"showSkybox":true,"showFlares":true,"showImageEffects":true,"showParticleSystems":true,"showVisualEffectGraphs":true,"m_FxEnabled":true},"in2DMode":false,"pivot":{"x":-0.05851730704307556,"y":0.4004013240337372,"z":0.039950206875801089},"rotation":{"x":-0.05865616723895073,"y":0.6497335433959961,"z":-0.05039726942777634,"w":-0.7562296390533447},"size":0.9336921572685242,"orthographic":false}